date,AG,AI,AR,BE,BL,BS,FL,FR,GE,GL,GR,JU,LU,NE,NW,OW,SG,SH,SO,SZ,TG,TI,UR,VD,VS,ZG,ZH
2020-02-24,0,0,0,0,0,0,0,0,0,0,0,0,0,0,0,0,0,0,0,0,0,1,0,0,0,0,0
2020-02-25,1,0,0,0,0,0,0,0,0,0,0,0,0,0,0,0,0,0,0,0,0,0,0,0,0,0,0
2020-02-26,0,0,0,0,1,1,0,0,1,0,4,1,0,0,0,0,0,0,0,0,0,0,0,1,0,0,1
2020-02-27,0,0,0,2,0,0,0,0,3,0,2,0,0,0,0,0,0,0,0,0,0,3,0,0,0,0,1
2020-02-28,0,0,0,0,2,2,0,0,5,0,0,0,0,0,0,0,0,0,0,0,0,0,0,0,1,0,0
2020-02-29,2,0,0,1,1,0,0,2,0,0,2,0,0,0,0,0,0,0,0,0,0,1,0,0,0,0,4
2020-03-01,2,0,0,0,0,1,0,0,1,0,1,0,0,1,0,0,0,0,0,0,0,1,0,0,1,1,2
2020-03-02,1,0,0,4,0,1,1,0,2,0,0,0,0,0,0,0,1,0,0,2,0,5,0,5,2,2,5
2020-03-03,1,0,0,3,0,1,0,3,0,0,1,1,1,1,0,0,0,0,0,3,0,10,0,4,0,3,1
2020-03-04,3,0,1,8,2,6,0,2,1,0,2,3,3,7,0,0,0,0,0,0,1,7,0,8,1,1,5
2020-03-05,2,0,0,5,3,10,0,1,4,0,3,0,0,1,0,0,0,0,1,1,0,14,0,11,1,0,5
2020-03-06,2,0,0,9,8,5,0,1,17,0,0,0,2,4,0,0,3,0,0,0,0,9,0,8,0,0,5
2020-03-07,0,0,0,0,1,5,0,0,6,0,1,0,0,5,0,0,0,0,0,0,0,12,0,11,1,0,7
2020-03-08,1,0,1,3,0,7,0,4,9,0,1,1,1,6,1,0,1,0,0,0,1,9,0,10,6,0,7
2020-03-09,3,0,1,4,3,13,0,3,29,1,11,1,1,3,4,0,8,0,2,2,2,48,0,36,4,0,13
2020-03-10,3,0,0,7,4,18,2,10,18,1,4,3,2,4,2,1,1,1,4,1,1,47,0,40,5,0,33
2020-03-11,7,0,2,16,15,40,1,8,33,2,12,0,3,7,0,6,8,0,1,1,1,49,0,74,7,1,40
2020-03-12,7,0,0,24,12,23,1,6,49,1,8,4,7,3,0,0,8,0,3,7,2,49,0,75,25,4,39
2020-03-13,6,2,1,11,23,23,2,4,72,1,14,3,5,13,2,3,9,0,0,4,7,61,0,97,16,1,53
2020-03-14,10,0,3,19,8,19,4,9,67,4,11,4,8,9,2,5,7,1,3,4,1,56,0,107,21,4,34
2020-03-15,8,0,1,20,14,18,3,5,31,0,18,3,5,5,0,0,3,0,5,3,2,44,0,92,10,0,38
2020-03-16,33,2,5,68,33,31,5,24,124,5,25,3,24,13,15,2,28,5,18,15,10,140,1,238,59,4,135
2020-03-17,36,1,2,54,25,38,6,28,169,4,35,4,25,20,2,1,29,3,6,7,10,140,3,248,52,10,130
2020-03-18,35,0,4,62,39,54,9,26,142,3,51,8,32,28,4,2,27,3,11,20,8,156,1,270,81,4,134
2020-03-19,32,2,7,52,33,38,2,18,61,3,43,7,14,19,2,0,20,3,9,5,5,69,0,217,38,2,136
2020-03-20,37,1,2,61,49,56,8,35,59,4,27,11,26,15,5,1,39,13,18,7,19,163,5,242,95,8,141
2020-03-21,11,0,1,42,25,34,2,18,152,1,27,4,15,5,2,2,9,2,7,1,5,77,2,121,51,5,72
2020-03-22,9,0,0,35,22,43,2,23,87,1,14,4,15,13,2,2,11,1,10,5,4,45,7,105,37,0,51
2020-03-23,42,0,3,70,37,73,3,41,175,8,61,18,42,22,2,1,49,2,16,12,10,183,7,311,96,4,176
2020-03-24,54,2,3,54,50,40,2,36,139,1,33,12,22,26,3,0,29,1,21,8,14,168,6,272,101,7,140
2020-03-25,46,1,3,58,48,43,4,39,142,4,37,13,24,19,6,2,30,2,14,8,7,138,3,194,69,7,111
2020-03-26,35,0,3,54,34,34,4,37,205,2,28,10,46,19,4,3,31,3,15,11,9,125,5,206,76,5,114
2020-03-27,54,2,2,80,41,44,1,47,180,4,26,10,20,24,13,4,35,0,20,3,17,178,6,238,92,7,160
2020-03-28,22,1,4,24,23,28,1,28,219,2,14,4,12,14,2,2,8,1,3,3,5,47,3,132,45,5,71
2020-03-29,18,0,2,20,9,15,2,13,103,0,8,2,12,23,0,2,2,2,5,0,3,27,2,88,34,2,40
2020-03-30,59,0,4,74,38,45,4,33,245,4,47,12,24,28,5,2,37,1,18,11,19,132,4,214,85,7,158
2020-03-31,42,3,5,73,30,31,4,57,281,1,27,4,22,23,3,1,36,2,10,7,12,99,2,162,68,3,129
2020-04-01,37,3,2,57,18,36,3,35,277,1,21,4,20,11,2,3,22,1,8,8,14,81,3,153,69,12,115
2020-04-02,33,0,2,43,18,19,1,34,249,2,18,0,21,11,3,4,22,1,13,2,14,61,3,136,47,6,115
2020-04-03,40,1,1,63,21,29,1,42,196,2,18,7,23,18,3,0,32,1,8,14,8,71,2,137,50,7,133
2020-04-04,23,0,1,40,15,12,0,41,121,0,2,5,13,2,2,1,9,1,4,5,6,31,0,72,33,4,43
2020-04-05,11,0,1,14,10,12,0,17,73,0,3,5,4,11,0,3,6,0,2,4,4,21,0,41,15,2,22
2020-04-06,43,0,2,71,18,21,1,40,189,3,20,3,10,27,6,1,36,3,17,8,20,94,3,119,68,4,98
2020-04-07,35,2,3,52,21,20,0,28,172,3,15,5,16,24,2,1,24,0,5,5,16,57,0,82,38,2,87
2020-04-08,22,1,2,59,15,17,1,23,130,6,19,5,17,4,3,1,13,2,9,17,7,43,2,94,37,3,61
2020-04-09,25,0,1,21,9,9,0,29,110,15,5,1,14,21,1,0,12,2,11,28,12,54,1,97,27,2,52
2020-04-10,11,0,0,17,3,6,0,17,51,1,7,1,7,18,1,0,3,0,5,3,6,38,0,49,31,0,34
2020-04-11,5,0,0,20,9,5,1,18,53,0,3,1,3,17,1,0,8,0,7,2,3,23,1,40,24,0,18
2020-04-12,8,0,0,11,7,7,0,14,34,13,0,0,6,5,1,0,7,2,3,2,3,10,1,39,13,2,31
2020-04-13,12,0,0,17,6,11,0,11,54,1,3,4,6,19,0,0,6,1,2,2,3,11,0,44,14,1,17
2020-04-14,24,0,0,36,19,6,0,18,79,2,7,0,5,12,0,0,9,0,12,4,6,34,0,70,28,0,54
2020-04-15,16,0,1,30,11,8,0,21,67,1,7,1,4,13,2,1,10,1,6,1,8,25,1,51,13,1,28
2020-04-16,19,0,0,22,8,12,1,28,64,3,6,2,14,4,0,2,7,1,5,2,7,25,0,30,17,2,40
2020-04-17,23,0,2,18,3,3,0,19,64,1,2,2,10,9,0,1,12,1,3,4,4,31,0,33,17,0,29
2020-04-18,5,0,1,8,2,3,0,10,32,2,6,0,9,0,0,0,3,0,0,3,5,13,0,19,9,1,13
2020-04-19,0,0,0,10,1,1,0,3,16,1,3,3,3,4,0,0,3,0,1,1,1,7,0,11,9,0,8
2020-04-20,13,0,2,33,6,0,0,12,38,2,7,1,6,9,0,0,12,1,9,4,15,27,0,33,19,0,28
2020-04-21,15,0,2,19,2,5,0,9,29,0,3,1,6,6,0,0,13,4,2,1,2,18,0,32,8,1,35
2020-04-22,14,1,1,10,1,3,0,5,26,0,1,0,7,7,0,1,3,3,6,3,2,10,0,22,7,3,20
2020-04-23,12,0,1,21,3,2,1,7,35,1,4,0,5,6,1,2,6,1,0,6,1,22,0,31,15,1,24
2020-04-24,12,0,2,10,2,2,0,7,21,3,1,0,8,2,1,1,9,1,3,2,0,18,2,22,9,3,26
2020-04-25,5,0,0,4,0,2,0,7,11,0,3,0,3,0,0,2,5,1,2,1,1,6,0,13,5,1,15
2020-04-26,1,0,0,9,1,0,0,1,10,0,1,0,5,2,1,2,0,0,0,0,0,4,4,9,2,0,9
2020-04-27,11,0,0,14,3,7,0,17,20,1,2,1,7,2,1,2,5,0,2,1,1,17,1,18,18,1,21
2020-04-28,4,0,0,12,4,4,0,8,19,0,3,0,5,5,0,2,4,1,3,6,2,13,0,23,10,2,23
2020-04-29,9,0,1,13,2,1,0,11,16,1,0,1,9,4,0,1,6,0,2,0,2,10,1,15,7,2,6
2020-04-30,7,0,1,10,2,3,0,11,13,0,1,0,2,3,0,0,2,0,2,2,1,10,1,13,6,0,11
2020-05-01,5,0,0,10,2,2,0,7,18,0,1,0,1,2,0,0,1,0,7,0,0,2,3,17,4,1,0
2020-05-02,3,0,0,6,1,3,0,6,5,0,0,0,0,1,0,1,0,0,2,0,0,3,0,9,2,1,4
2020-05-03,0,0,0,2,0,0,0,2,4,1,0,0,0,2,0,0,0,0,0,0,0,1,1,6,2,0,2
2020-05-04,10,0,0,6,1,1,0,4,11,2,1,1,2,2,1,0,2,0,1,0,1,9,0,9,8,0,18
2020-05-05,3,0,0,4,0,2,0,4,13,0,0,1,1,4,0,0,1,1,4,0,0,6,1,11,2,2,13
2020-05-06,4,0,0,8,1,1,0,3,7,0,2,0,3,5,0,0,3,1,1,0,0,4,1,20,4,0,12
2020-05-07,2,0,0,7,0,1,0,5,2,1,1,1,1,2,0,0,0,1,6,1,0,3,0,5,1,0,6
2020-05-08,5,0,1,6,0,0,0,6,2,1,0,0,0,6,1,0,2,0,5,0,1,5,0,11,4,0,3
2020-05-09,6,0,0,5,1,1,0,7,4,0,0,0,0,1,2,0,0,0,2,0,0,1,0,7,1,0,1
2020-05-10,2,0,0,2,0,1,0,1,1,0,0,0,1,2,1,0,0,0,1,0,0,0,0,1,1,0,2
2020-05-11,2,0,0,2,1,0,0,6,5,0,1,0,1,2,0,0,1,0,2,1,0,6,0,7,4,0,6
2020-05-12,4,0,0,3,0,0,0,1,5,0,1,0,0,2,3,0,0,0,2,0,1,3,0,10,0,1,7
2020-05-13,5,0,1,5,0,3,0,1,3,0,0,0,0,0,0,0,1,0,1,0,0,5,0,9,1,1,1
2020-05-14,2,0,0,6,0,1,0,1,9,0,0,0,3,0,0,0,0,0,0,0,0,1,2,5,2,2,4
2020-05-15,4,0,0,3,1,1,0,1,4,0,0,0,3,0,1,0,0,0,3,0,1,2,0,4,9,0,4
2020-05-16,4,0,0,0,0,0,0,0,1,0,0,0,2,0,0,0,1,0,1,0,0,2,0,0,3,0,1
2020-05-17,0,0,0,0,0,1,0,0,1,0,0,0,2,0,0,0,0,0,2,0,0,0,0,2,0,0,4
2020-05-18,4,0,0,3,0,0,0,3,3,0,1,1,4,1,0,1,1,0,1,0,0,3,0,4,2,0,2
2020-05-19,4,0,0,4,0,1,0,2,3,0,1,0,1,1,0,0,0,0,1,0,0,11,1,4,1,0,1
2020-05-20,2,0,0,3,0,0,0,0,6,0,0,0,2,2,0,2,0,0,0,0,0,5,0,4,0,1,2
2020-05-21,0,0,0,3,0,0,0,2,2,0,0,1,0,0,0,0,0,0,0,0,0,0,0,0,1,0,2
2020-05-22,1,0,0,4,0,0,0,1,2,0,1,0,1,0,0,0,0,0,0,0,1,1,0,5,0,2,1
2020-05-23,0,0,0,2,0,0,0,0,3,0,0,0,0,1,0,0,0,0,0,0,0,2,0,6,0,0,2
2020-05-24,0,0,0,1,0,0,0,2,0,0,0,0,0,0,0,0,0,1,0,0,0,1,0,2,1,0,2
2020-05-25,1,0,0,1,1,0,0,0,1,0,1,0,0,0,0,0,0,0,0,0,0,2,0,0,2,0,6
2020-05-26,2,0,0,0,0,0,0,0,4,0,0,1,0,1,0,0,0,0,1,0,0,1,0,4,3,0,2
2020-05-27,0,0,0,2,2,2,0,1,2,0,1,1,1,0,0,0,0,0,0,0,1,3,0,2,2,0,5
2020-05-28,6,0,0,2,0,0,0,1,5,0,0,0,0,0,0,0,1,0,3,0,0,1,0,3,0,0,8
2020-05-29,1,0,0,2,1,0,0,0,4,0,0,0,0,1,0,0,0,0,0,0,2,3,0,3,0,0,4
2020-05-30,2,0,0,0,0,0,0,1,4,0,0,0,0,0,1,0,0,0,0,0,0,0,0,1,0,0,2
2020-05-31,1,0,0,2,1,0,0,0,0,0,0,0,0,0,0,0,0,0,0,0,0,0,0,1,2,0,0
2020-06-01,0,0,0,0,1,0,0,0,1,0,0,0,0,0,0,0,0,0,0,0,0,0,0,0,1,0,0
2020-06-02,3,0,0,2,0,2,0,1,3,0,1,0,0,1,0,0,0,0,2,0,0,0,0,4,1,0,2
2020-06-03,0,0,0,1,1,0,0,4,0,0,0,0,1,3,0,0,0,0,0,0,0,1,0,2,0,0,10
2020-06-04,0,0,0,3,0,2,0,2,1,0,0,0,0,0,0,0,0,0,0,0,1,0,0,3,2,0,3
2020-06-05,0,0,0,0,0,0,0,2,2,0,0,0,0,1,0,0,1,1,0,0,0,0,0,2,2,1,3
2020-06-06,1,0,0,0,0,0,0,2,3,0,0,0,0,1,0,0,0,0,0,0,0,0,0,2,1,0,0
2020-06-07,1,0,0,1,0,0,0,1,0,0,0,0,0,0,0,0,1,0,0,0,0,0,0,2,2,0,0
2020-06-08,1,0,0,5,1,1,0,0,1,0,0,0,0,2,0,0,2,0,0,0,0,0,0,1,5,3,3
2020-06-09,0,0,0,0,0,0,0,2,0,0,0,0,0,0,0,0,1,0,0,0,0,1,0,3,1,1,2
2020-06-10,1,0,0,6,0,0,0,0,1,0,1,0,1,0,0,0,3,0,1,1,0,0,0,1,4,4,0
2020-06-11,4,0,0,2,0,0,0,2,1,0,0,0,0,0,0,0,2,0,1,0,0,0,0,4,4,1,4
2020-06-12,2,0,0,1,0,0,0,3,2,0,0,1,0,1,0,0,0,2,0,0,0,2,0,8,4,0,8
2020-06-13,0,0,0,1,0,0,0,2,0,0,0,0,0,1,0,0,0,0,0,0,0,2,0,0,0,0,3
2020-06-14,3,0,0,0,0,0,0,0,0,0,0,0,1,0,0,0,0,0,0,0,0,0,0,1,0,1,6
2020-06-15,1,0,0,2,1,1,0,2,2,0,0,0,1,0,0,0,1,0,1,0,1,2,0,3,5,2,7
2020-06-16,0,0,0,1,0,0,0,0,0,0,0,0,1,1,0,0,0,0,0,1,0,1,0,8,4,0,4
2020-06-17,1,0,0,0,0,0,0,2,1,0,0,0,0,1,0,0,0,0,2,0,0,0,0,5,1,0,5
2020-06-18,5,0,0,0,0,1,0,0,2,0,0,0,1,0,0,0,1,1,0,0,0,0,0,2,1,0,4
2020-06-19,2,0,0,1,1,0,0,3,3,0,0,0,0,2,0,0,0,0,0,3,0,2,0,6,8,1,5
2020-06-20,1,0,0,4,1,0,0,3,3,0,0,2,3,1,0,0,1,0,0,1,0,0,0,2,4,0,6
2020-06-21,0,0,0,2,0,0,0,3,0,0,0,0,1,1,0,0,0,0,0,0,0,0,0,2,2,0,2
2020-06-22,2,0,0,3,2,0,0,8,2,1,1,0,1,0,0,0,3,0,1,4,3,1,0,11,4,3,6
2020-06-23,3,0,0,3,1,0,0,1,3,0,0,0,0,0,0,0,3,0,1,1,2,0,0,7,6,0,6
2020-06-24,7,0,1,0,0,0,0,6,3,0,0,2,1,1,0,0,2,0,0,3,1,0,0,10,10,0,17
2020-06-25,6,0,1,0,3,0,0,2,2,0,1,1,2,0,0,0,4,0,0,0,2,0,1,3,7,2,11
2020-06-26,9,0,1,5,3,0,0,5,2,0,4,4,0,1,0,0,2,2,2,6,1,0,1,6,8,2,28
2020-06-27,7,0,0,1,0,0,0,2,1,0,0,1,4,1,0,0,2,0,2,1,0,0,0,2,4,0,8
2020-06-28,3,0,0,1,0,0,0,0,0,0,0,1,1,0,0,0,1,0,2,1,0,0,0,8,1,0,3
2020-06-29,23,0,0,5,0,0,0,10,8,0,0,4,7,0,0,0,16,0,4,2,5,3,4,16,8,3,40
2020-06-30,15,0,2,7,2,0,0,4,3,0,0,6,2,1,0,0,8,0,1,7,1,1,4,16,4,4,48
2020-07-01,6,0,0,4,4,2,1,6,0,0,0,6,0,1,0,0,4,2,2,7,1,5,1,10,3,2,35
2020-07-02,12,0,0,3,0,2,0,5,7,0,1,4,5,1,0,0,6,0,1,1,0,6,0,26,4,3,40
2020-07-03,6,0,0,7,3,1,0,4,0,0,1,7,2,1,0,1,6,0,3,4,1,8,1,13,4,3,20
2020-07-04,1,0,0,1,1,0,0,3,4,0,0,0,1,0,0,0,3,0,0,0,1,1,0,3,2,0,5
2020-07-05,2,0,0,2,2,2,1,0,3,0,0,0,0,0,0,0,3,0,2,0,0,0,0,7,2,0,11
2020-07-06,10,0,0,5,4,3,0,4,7,1,1,3,2,1,0,0,7,1,3,5,2,7,2,13,3,2,19
2020-07-07,9,0,1,6,3,3,0,2,6,0,1,2,2,0,1,0,6,0,2,3,3,5,2,16,3,3,28
2020-07-08,11,0,1,4,5,3,0,2,7,1,1,3,3,0,0,3,9,0,3,1,1,3,0,15,0,0,20
2020-07-09,5,0,0,9,3,4,0,5,5,0,2,1,4,2,1,0,6,2,2,6,0,5,0,12,2,2,19
2020-07-10,15,0,0,8,4,2,0,5,9,0,2,3,5,1,0,0,1,1,4,3,1,3,0,15,2,3,24
2020-07-11,5,0,0,6,3,1,0,1,4,0,1,0,1,0,0,1,3,1,4,0,1,0,0,9,5,1,23
2020-07-12,2,0,1,1,0,3,0,3,2,0,1,0,5,0,0,0,4,2,2,0,0,1,0,6,3,1,9
2020-07-13,14,0,0,11,5,5,0,4,8,2,0,0,4,2,0,0,2,4,4,3,4,4,2,14,3,5,20
2020-07-14,14,0,0,9,1,1,0,3,9,1,0,1,8,1,1,0,5,0,3,5,3,8,0,19,5,2,29
2020-07-15,12,0,1,8,0,2,0,1,27,1,2,2,3,2,0,1,3,4,2,1,6,3,0,18,2,1,20
2020-07-16,9,0,0,9,3,3,1,3,17,1,1,0,6,1,0,0,5,0,3,0,3,3,0,14,1,0,23
2020-07-17,13,0,0,11,0,2,1,9,8,0,0,0,5,4,1,0,8,1,1,2,2,10,0,16,3,1,17
2020-07-18,5,0,0,3,0,0,0,8,14,0,2,0,0,0,0,1,2,0,0,0,3,4,0,10,0,0,28
2020-07-19,4,0,0,3,1,2,0,2,6,1,0,0,1,0,0,0,2,0,0,1,1,1,1,6,1,1,7
2020-07-20,13,0,0,7,1,3,0,4,11,0,2,0,6,2,0,1,9,1,2,2,4,5,1,14,3,5,31
2020-07-21,15,0,0,1,4,2,0,3,36,1,9,0,3,1,0,0,10,2,4,0,4,3,2,6,2,2,28
2020-07-22,8,0,0,3,1,1,0,2,27,0,17,0,2,1,0,0,6,0,0,5,1,0,0,11,3,2,27
2020-07-23,14,0,1,2,1,2,0,4,53,0,14,0,6,1,0,0,3,0,2,1,4,1,0,11,2,2,19
2020-07-24,11,0,0,13,4,2,0,1,45,0,8,0,3,1,0,0,10,1,6,0,1,2,0,15,2,0,23
2020-07-25,4,0,0,5,0,3,0,3,36,0,5,0,0,0,0,0,2,0,0,4,2,0,0,12,0,0,19
2020-07-26,5,0,0,3,0,0,0,1,26,0,0,0,0,1,0,0,1,1,2,0,2,1,0,7,1,1,5
2020-07-27,12,0,0,6,3,1,1,7,56,0,1,1,6,0,0,0,12,4,0,8,2,5,1,22,2,4,39
2020-07-28,12,0,0,6,2,11,1,6,59,0,6,0,9,2,0,0,5,4,1,3,1,3,0,29,5,4,19
2020-07-29,15,0,0,13,1,1,0,9,60,1,3,0,10,2,1,1,9,2,3,2,4,5,0,42,9,4,23
2020-07-30,18,0,1,12,4,7,0,8,49,2,4,0,7,5,0,0,2,1,5,4,3,3,2,23,8,4,39
2020-07-31,14,0,1,16,3,7,0,3,40,1,8,0,4,1,0,0,4,3,3,3,2,3,1,19,2,4,21
2020-08-01,5,0,0,6,0,4,0,1,27,0,1,0,1,3,0,0,0,0,1,1,2,0,0,28,3,1,12
2020-08-02,1,0,0,4,3,1,0,1,28,0,1,0,3,1,0,1,2,0,1,0,0,1,0,15,1,0,16
2020-08-03,19,0,0,14,8,11,0,6,33,2,2,0,11,3,0,1,6,9,8,4,3,2,0,21,3,3,27
2020-08-04,14,0,0,11,4,1,0,7,42,1,1,0,9,0,1,0,14,1,1,2,2,2,0,15,8,0,45
2020-08-05,17,0,0,14,2,2,0,4,30,0,1,0,9,2,0,0,10,2,1,0,2,3,0,19,4,1,29
2020-08-06,10,0,0,4,1,1,0,5,38,0,1,0,5,0,0,0,9,2,9,2,3,3,0,18,6,3,36
2020-08-07,9,0,1,10,1,2,0,1,42,0,3,1,8,1,1,0,10,2,2,5,6,4,0,22,7,2,44
2020-08-08,4,0,0,5,0,2,0,5,28,1,2,0,0,1,0,1,3,0,2,4,6,0,0,18,6,0,42
2020-08-09,6,0,0,6,2,3,0,4,34,0,1,0,1,1,0,0,7,1,2,0,3,0,0,6,3,1,18
2020-08-10,23,0,2,18,6,9,1,7,53,2,0,0,10,4,0,0,13,3,10,2,9,6,2,26,11,5,59
2020-08-11,29,0,3,26,4,6,1,5,51,1,2,0,5,5,0,0,10,6,11,1,2,2,1,25,7,0,52
2020-08-12,19,0,1,24,2,11,1,6,39,1,0,1,13,7,0,0,10,2,15,1,10,3,1,24,8,2,46
2020-08-13,13,0,0,14,3,9,1,6,41,0,6,0,18,7,0,0,16,4,8,4,5,2,3,38,8,4,63
2020-08-14,16,0,1,17,9,15,1,8,30,2,1,1,8,3,0,0,6,4,8,4,2,3,0,25,7,3,60
2020-08-15,11,0,2,6,2,6,0,4,26,0,1,1,4,1,0,0,4,0,2,2,0,1,2,25,5,0,44
2020-08-16,9,0,0,4,3,3,3,4,25,0,2,0,1,1,0,0,6,1,6,2,4,3,0,19,5,0,40
2020-08-17,25,0,0,14,2,8,1,16,37,2,2,0,4,4,0,2,17,0,10,5,10,9,1,36,9,2,70
2020-08-18,29,0,2,12,2,10,1,9,37,1,4,1,8,5,0,2,17,2,7,4,6,7,2,48,6,4,69
2020-08-19,18,0,1,16,10,5,0,24,39,2,6,0,2,1,0,2,9,0,5,7,3,7,0,50,8,1,68
2020-08-20,17,0,2,17,11,10,1,37,45,3,2,1,6,7,0,1,19,1,4,2,4,5,0,76,8,1,70
2020-08-21,23,0,1,17,4,6,0,25,27,2,5,0,7,2,0,0,5,0,6,4,2,9,2,65,17,11,74
2020-08-22,14,0,1,13,3,2,1,16,28,1,6,1,1,4,0,0,2,1,0,5,0,2,0,45,11,1,35
2020-08-23,8,0,0,9,0,2,0,14,19,0,1,1,4,3,0,0,2,0,0,0,2,2,1,31,3,0,34
2020-08-24,26,0,2,26,7,4,2,20,34,0,6,0,2,2,0,1,10,0,6,5,3,8,3,69,14,5,51
2020-08-25,23,0,0,18,4,5,2,20,45,0,4,0,10,2,2,2,10,0,7,7,4,6,1,70,14,0,81
2020-08-26,33,0,0,19,5,2,1,21,49,1,3,0,8,3,0,1,9,0,11,0,2,3,0,66,12,3,110
2020-08-27,21,0,1,21,6,13,1,17,47,0,5,0,9,4,0,1,2,0,22,1,7,3,1,77,9,3,81
2020-08-28,30,0,0,25,7,5,0,25,51,1,0,2,10,10,0,0,7,0,3,4,3,4,0,83,14,3,87
2020-08-29,12,0,0,7,3,1,1,13,46,0,2,0,5,5,0,0,3,2,2,3,1,1,0,62,2,2,43
2020-08-30,4,0,1,7,4,2,0,12,35,0,0,0,1,6,0,0,0,2,0,0,1,1,0,46,1,0,21
2020-08-31,17,0,1,23,4,4,0,18,59,2,1,2,6,1,1,0,8,0,10,1,2,2,0,93,7,4,80
2020-09-01,25,0,1,18,6,3,0,23,52,0,4,0,6,2,0,0,13,2,5,2,1,5,0,99,10,4,83
2020-09-02,24,0,2,29,4,8,0,55,58,0,2,4,6,5,3,0,9,0,3,4,4,1,0,99,13,8,74
2020-09-03,23,0,0,36,1,1,0,35,55,0,2,1,5,9,0,0,17,0,7,3,2,5,1,119,17,6,91
2020-09-04,26,0,1,27,4,6,0,36,47,0,7,4,4,4,0,1,14,1,2,4,4,3,0,138,13,5,73
2020-09-05,9,0,0,10,4,3,0,33,38,0,3,1,2,6,1,0,7,0,3,4,0,1,0,98,8,2,60
2020-09-06,6,1,2,11,1,6,0,15,18,0,1,0,3,10,0,0,6,0,2,1,0,1,0,60,2,0,24
2020-09-07,22,0,1,28,8,9,0,57,53,1,7,2,2,10,0,0,25,6,2,0,7,4,0,123,9,5,85
2020-09-08,19,1,3,22,5,4,1,37,43,0,4,1,5,6,0,0,13,2,4,7,9,3,0,120,9,1,69
2020-09-09,23,0,3,37,6,6,0,25,64,0,6,4,7,11,0,1,20,1,4,4,4,7,0,146,6,2,74
2020-09-10,24,0,4,28,7,1,0,43,43,1,5,3,9,9,1,0,15,0,3,11,14,5,0,181,13,6,80
2020-09-11,24,0,1,41,4,4,2,28,64,0,8,1,4,22,0,0,15,0,9,3,10,6,1,180,9,8,87
2020-09-12,10,0,0,20,2,2,0,20,39,0,1,0,2,6,0,0,7,0,0,0,5,2,0,91,11,1,47
2020-09-13,11,0,1,15,0,2,0,21,38,0,3,0,6,4,0,0,3,0,4,0,2,1,0,104,7,1,15
2020-09-14,27,0,2,60,7,6,0,28,70,1,6,3,6,8,0,0,22,1,14,3,8,6,0,134,19,4,67
2020-09-15,29,1,2,51,1,2,0,15,58,1,1,0,9,6,0,2,19,2,8,3,13,4,0,165,8,1,57
2020-09-16,28,3,2,57,4,8,1,26,75,1,1,2,9,7,1,0,28,1,9,1,11,6,0,143,20,1,71
2020-09-17,27,0,3,43,3,3,0,25,57,1,2,3,10,5,0,0,21,2,6,2,3,7,1,174,25,5,70
2020-09-18,15,1,1,57,1,1,1,26,73,0,4,2,12,7,0,2,24,2,12,4,8,5,0,118,11,0,58
2020-09-19,17,1,0,28,0,0,1,16,46,0,1,2,3,11,0,0,8,0,3,1,1,1,0,82,5,1,57
2020-09-20,3,0,0,18,3,2,1,15,37,2,0,1,5,5,0,1,6,0,4,0,0,1,0,64,6,0,27
2020-09-21,24,0,0,51,2,2,1,24,66,1,2,4,6,7,0,2,26,0,5,5,4,6,2,93,16,0,46
2020-09-22,15,2,0,35,3,2,1,13,65,2,3,2,6,15,1,2,16,3,10,4,3,3,0,138,15,6,60
2020-09-23,12,0,2,35,2,4,0,9,57,1,2,0,7,9,1,1,10,0,12,5,5,2,0,121,19,1,68
2020-09-24,9,0,3,35,7,2,1,20,49,0,1,5,2,11,0,1,12,1,10,2,4,5,0,82,15,5,27
2020-09-25,17,0,3,36,2,4,1,15,41,1,3,3,9,10,1,0,9,0,9,3,2,1,0,87,6,1,95
2020-09-26,5,3,0,25,1,3,0,13,26,0,5,1,4,13,1,1,4,4,1,0,6,0,0,52,5,1,48
2020-09-27,1,0,1,17,2,0,0,6,22,1,3,1,1,1,0,0,1,0,1,0,2,1,0,29,4,0,26
2020-09-28,11,2,5,49,1,2,1,17,49,3,4,6,6,9,1,0,17,1,11,11,4,3,1,76,15,3,59
2020-09-29,13,0,4,45,2,6,0,21,70,1,9,1,8,9,1,2,25,6,9,4,11,9,1,87,14,7,83
2020-09-30,19,1,5,59,7,6,1,26,54,2,9,7,13,13,2,0,23,4,11,11,5,5,3,81,26,6,139
2020-10-01,12,0,1,59,5,7,1,20,77,1,10,6,9,28,3,0,36,3,12,17,11,10,0,104,17,3,145
2020-10-02,20,1,7,77,8,11,3,28,82,3,10,2,11,12,4,2,33,5,10,20,18,8,4,86,30,17,159
2020-10-03,20,0,5,30,2,7,3,22,60,0,7,6,6,7,3,1,23,0,5,11,8,6,1,98,17,15,146
2020-10-04,10,0,0,27,8,5,1,23,34,0,7,2,5,15,2,0,7,1,0,6,3,2,5,89,16,0,46
2020-10-05,38,0,7,111,12,7,3,46,123,1,22,23,14,41,4,7,75,7,22,42,25,37,4,136,35,27,151
2020-10-06,37,2,6,97,12,13,1,43,125,1,14,28,27,47,8,11,51,3,17,56,21,45,7,158,61,28,177
2020-10-07,72,5,5,100,16,16,3,73,146,5,29,22,40,46,12,5,77,5,24,71,33,37,6,195,102,24,211
2020-10-08,65,7,4,124,18,15,3,88,158,1,28,28,45,57,6,9,70,10,25,57,28,39,0,198,93,32,263
2020-10-09,56,13,7,138,20,22,6,91,213,3,34,23,60,62,6,7,96,6,14,79,17,46,5,213,140,28,322
2020-10-10,40,2,9,90,12,30,5,78,163,6,20,28,42,37,4,3,39,3,7,39,18,11,3,197,80,42,239
2020-10-11,39,3,5,77,21,10,0,71,110,4,15,2,22,7,4,1,26,2,11,15,6,17,0,147,76,1,115
2020-10-12,112,14,10,273,56,30,14,129,272,14,36,72,79,59,18,12,187,10,36,122,47,84,9,258,229,30,347
2020-10-13,134,10,22,240,31,18,13,134,300,12,37,62,67,116,5,6,153,8,32,112,58,90,5,318,224,51,413
2020-10-14,142,11,18,273,55,38,8,155,320,10,35,64,92,83,9,17,189,10,37,98,66,97,7,324,299,38,497
2020-10-15,164,12,20,333,54,42,17,230,336,13,26,43,147,98,6,15,167,7,47,121,48,114,13,464,306,52,490
2020-10-16,143,15,18,296,60,36,18,222,445,17,54,86,110,128,8,13,193,17,50,120,85,137,10,373,395,61,541
2020-10-17,82,3,8,180,29,22,6,147,207,5,23,19,45,46,2,12,69,10,32,44,38,53,6,299,276,44,376
2020-10-18,28,9,6,73,24,12,1,13,132,0,4,5,74,4,3,0,33,3,4,13,2,23,0,251,81,2,72
2020-10-19,0,0,0,0,0,1,0,0,2,0,0,0,0,0,0,0,0,0,0,0,0,0,0,1,0,0,0
